store_id,region_name,latitude,longitude
1,Rostock,54.005,12.3746
2,Frankfurt,50.202,8.6395
3,Munich,48.1819,11.778
4,Dortmund,51.3093,7.6784
5,Mannheim,49.7014,8.5823
6,Dresden,50.9759,13.9646
7,Karlsruhe,48.9423,8.1733
8,Dusseldorf,51.1733,7.0735
9,Berlin,52.4663,13.1744
10,Dresden,50.8094,13.4552
11,Bremen,52.9529,9.0545
12,Freiburg,47.7408,7.6753
13,Hannover,52.3475,9.9811
14,Nuremberg,49.3652,10.8442
15,Rostock,54.1544,12.0672
16,Rostock,54.3465,12.2711
17,Dresden,51.1886,13.8083
18,Hamburg,53.6544,9.8311
19,Berlin,52.2555,13.2077
20,Munich,48.1211,11.6349
21,Bremen,52.9087,8.6337
22,Essen,51.5255,7.1906
23,Stuttgart,49.0388,9.2106
24,Hamburg,53.4317,10.2272
25,Cologne,50.9993,7.1793
26,Dresden,51.2992,13.7451
27,Leipzig,51.2375,12.593
28,Augsburg,48.4847,11.1713
29,Frankfurt,49.859,8.6778
30,Freiburg,48.1749,7.6174
31,Dresden,50.9603,13.4417
32,Mannheim,49.7059,8.3364
33,Essen,51.2135,7.0555
34,Frankfurt,50.366,8.6243
35,Bremen,52.8019,8.8304
36,Freiburg,47.9003,7.9987
37,Bremen,53.0744,9.0701
38,Munich,47.9972,11.3979
39,Dresden,51.017,13.9493
40,Munich,48.1666,11.4364
41,Hannover,52.529,10.009
42,Dresden,51.1566,13.6237
43,Dortmund,51.237,7.2019
44,Berlin,52.2892,13.577
45,Freiburg,48.0163,7.9858
46,Berlin,52.7014,13.6261
47,Dresden,50.8856,13.6284
48,Cologne,50.8256,6.9386
49,Bremen,53.2309,8.7243
50,Bremen,52.8033,8.654
51,Augsburg,48.6248,11.0385
52,Munich,47.8791,11.411
53,Bremen,52.9948,9.0387
54,Leipzig,51.0716,12.2389
55,Cologne,50.9101,7.1825
56,Leipzig,51.5015,12.471
57,Hannover,52.2981,9.9247
58,Augsburg,48.077,11.1662
59,Cologne,51.1571,6.8175
60,Karlsruhe,48.9855,8.587
61,Kiel,54.1175,10.1754
62,Mannheim,49.5529,8.2058
63,Hannover,52.6034,9.8046
64,Hamburg,53.3571,9.8847
65,Kiel,54.5474,9.9087
66,Leipzig,51.4537,12.56
67,Bremen,52.9141,9.0551
68,Leipzig,51.6165,12.5243
69,Karlsruhe,48.9669,8.6428
70,Dusseldorf,51.4347,6.8136
71,Essen,51.5894,7.0363
72,Essen,51.2281,7.0867
73,Dresden,50.7877,13.612
74,Mannheim,49.5197,8.4454
75,Leipzig,51.4645,12.5468
76,Bremen,52.9637,8.8863
77,Munich,48.0451,11.4082
78,Frankfurt,50.2656,8.8604
79,Essen,51.2249,7.0992
80,Essen,51.7265,7.0039
81,Freiburg,48.1677,7.6288
82,Bremen,53.3207,9.0044
83,Freiburg,48.2676,7.8042
84,Mannheim,49.4295,8.5254
85,Frankfurt,49.9148,8.4222
86,Freiburg,47.7868,7.5907
87,Frankfurt,50.3558,8.5259
88,Nuremberg,49.4342,11.0496
89,Mannheim,49.2291,8.6359
90,Munich,48.0337,11.3896
91,Freiburg,47.7245,8.0868
92,Essen,51.4498,6.8511
93,Dusseldorf,51.5108,6.9437
94,Essen,51.7495,7.2004
95,Essen,51.5615,7.288
96,Rostock,54.0031,11.9782
97,Leipzig,51.328,12.4403
98,Dresden,50.8026,13.4508
99,Freiburg,48.0545,8.1235
100,Rostock,53.9769,11.8609
101,Rostock,54.1758,12.1529
102,Dusseldorf,51.4562,6.8231
103,Leipzig,51.1724,12.5726
104,Nuremberg,49.5357,11.0096
105,Dusseldorf,51.3428,6.6975
106,Leipzig,51.3179,12.5933
107,Dusseldorf,51.0567,6.5812
108,Leipzig,51.4795,12.3307
109,Hamburg,53.4371,9.8024
110,Hamburg,53.5127,9.7391
111,Bremen,53.1,8.7126
112,Stuttgart,48.7218,9.0945
113,Dusseldorf,51.3902,6.6939
114,Kiel,54.0505,10.2321
115,Nuremberg,49.1677,11.0576
116,Munich,48.0818,11.7101
117,Berlin,52.379,13.6314
118,Freiburg,48.1579,7.6114
119,Berlin,52.4043,13.1852
120,Hamburg,53.3368,9.9175
121,Dresden,50.8869,13.6929
122,Cologne,51.2327,6.8989
123,Leipzig,51.1358,12.6511
124,Stuttgart,48.9154,9.0406
125,Karlsruhe,48.8789,8.6832
126,Rostock,54.1289,12.3222
127,Mannheim,49.3876,8.3872
128,Dresden,50.8581,13.458
129,Dusseldorf,51.3292,6.505
130,Augsburg,48.3918,10.7874
131,Kiel,54.1002,10.0883
132,Essen,51.2632,7.2554
133,Frankfurt,50.1404,8.907
134,Essen,51.1577,6.7684
135,Munich,48.367,11.7718
136,Munich,47.9142,11.579
137,Dresden,51.1935,13.9942
138,Hannover,52.4293,10.0241
139,Karlsruhe,48.8697,8.2931
140,Kiel,54.1475,10.0836
141,Freiburg,47.8905,8.0236
142,Leipzig,51.2333,12.6307
143,Dresden,50.8571,13.8077
144,Nuremberg,49.2903,11.1871
145,Essen,51.2696,6.8302
146,Rostock,53.8073,11.8032
147,Dusseldorf,51.1527,6.6424
148,Rostock,54.3732,12.0846
149,Karlsruhe,48.7879,8.688
150,Essen,51.1962,7.0836
151,Augsburg,48.2217,10.6182
152,Dresden,51.0789,13.4829
153,Hamburg,53.6664,9.7023
154,Rostock,53.8805,11.8909
155,Frankfurt,49.9499,8.7652
156,Hannover,52.4002,9.9712
157,Dresden,51.2248,13.9553
158,Frankfurt,49.9836,8.3916
159,Augsburg,48.6555,11.1548
160,Mannheim,49.4125,8.2536
161,Dusseldorf,51.34,6.7999
162,Leipzig,51.1996,12.5525
163,Hannover,52.3974,9.9522
164,Nuremberg,49.292,10.7903
165,Rostock,54.1918,12.2837
166,Essen,51.5072,6.9825
167,Dresden,50.7724,13.5319
168,Berlin,52.6083,13.2488
169,Rostock,54.2637,12.0543
170,Nuremberg,49.6065,11.3406
171,Stuttgart,48.6114,9.4732
172,Bremen,52.8962,8.9437
173,Rostock,53.811,12.1459
174,Frankfurt,49.989,8.9233
175,Leipzig,51.1313,12.099
176,Hamburg,53.5214,9.7298
177,Mannheim,49.3355,8.3673
178,Cologne,50.7437,6.8426
179,Leipzig,51.2627,12.6212
180,Hamburg,53.6187,10.0901
181,Dortmund,51.4825,7.3241
182,Rostock,53.9738,12.2912
183,Augsburg,48.338,11.1858
184,Frankfurt,50.3418,8.6458
185,Freiburg,48.2534,8.1292
186,Karlsruhe,48.7488,8.5581
187,Dusseldorf,51.1772,6.7655
188,Kiel,54.2031,9.9858
189,Hannover,52.6401,9.5775
190,Frankfurt,49.9464,8.5217
191,Frankfurt,50.3196,8.5776
192,Karlsruhe,49.0691,8.3681
193,Nuremberg,49.6834,11.1742
194,Mannheim,49.3731,8.7232
195,Stuttgart,48.7743,9.4131
196,Munich,48.3324,11.7514
197,Dresden,51.2261,13.5809
198,Bremen,53.0595,8.7014
199,Cologne,51.0069,7.1373
200,Dresden,51.138,13.4748
201,Karlsruhe,49.1488,8.1969
202,Augsburg,48.1411,11.0305
203,Dortmund,51.796,7.5861
204,Dusseldorf,51.0763,6.8757
205,Dortmund,51.4806,7.4775
206,Dusseldorf,51.1914,6.7398
207,Nuremberg,49.558,11.1877
208,Frankfurt,50.3232,8.932
209,Kiel,54.3276,9.9889
210,Hamburg,53.3775,10.1162
211,Bremen,53.0677,9.0012
212,Berlin,52.485,13.5773
213,Rostock,54.1565,12.0693
214,Dusseldorf,51.4302,6.9458
215,Munich,48.2466,11.5041
216,Hamburg,53.4034,10.199
217,Dresden,50.9807,13.6651
218,Bremen,53.0189,8.9852
219,Hannover,52.2665,9.5744
220,Leipzig,51.5114,12.5358
221,Mannheim,49.442,8.582
222,Dortmund,51.3337,7.2816
223,Kiel,54.2279,10.2323
224,Dortmund,51.803,7.3781
225,Leipzig,51.4121,12.1212
226,Berlin,52.362,13.5894
227,Dresden,51.2697,13.9102
228,Essen,51.2741,6.9105
229,Hamburg,53.5651,10.0837
230,Kiel,54.1227,9.9886
231,Kiel,54.0719,9.9325
232,Mannheim,49.2693,8.4258
233,Hannover,52.5192,9.7611
234,Dusseldorf,51.3674,6.7186
235,Hannover,52.3746,9.5631
236,Mannheim,49.2076,8.7642
237,Essen,51.3128,6.8452
238,Dresden,51.0882,13.6436
239,Stuttgart,48.6097,9.0843
240,Rostock,53.8226,12.3274
241,Frankfurt,49.9625,8.607
242,Essen,51.3932,7.0382
243,Frankfurt,50.3062,8.7525
244,Stuttgart,48.7472,9.1652
245,Munich,47.8377,11.7317
246,Munich,47.8943,11.6536
247,Nuremberg,49.1777,11.0677
248,Berlin,52.2464,13.6943
249,Bremen,53.2398,8.5844
250,Hamburg,53.7487,9.9602
251,Hannover,52.2452,9.8176
252,Bremen,52.9551,8.8979
253,Stuttgart,49.0201,9.3921
254,Bremen,53.1165,8.5347
255,Stuttgart,48.5768,9.0606
256,Stuttgart,48.8038,9.4294
257,Hannover,52.2531,9.8419
258,Stuttgart,48.79,9.4282
259,Cologne,51.0532,6.8832
260,Augsburg,48.1928,11.0564
261,Rostock,53.8369,11.8707
262,Mannheim,49.3082,8.3198
263,Essen,51.6163,7.2569
264,Nuremberg,49.2843,11.0554
265,Nuremberg,49.2191,11.0235
266,Stuttgart,48.9414,9.3376
267,Augsburg,48.389,10.6261
268,Nuremberg,49.5751,10.9832
269,Leipzig,51.5845,12.4193
270,Frankfurt,49.957,8.8536
271,Dortmund,51.3494,7.4488
272,Karlsruhe,49.1436,8.4901
273,Frankfurt,50.0586,8.5111
274,Dusseldorf,51.2866,6.5339
275,Kiel,54.2652,9.8288
276,Munich,48.2612,11.7237
277,Essen,51.1752,7.1543
278,Freiburg,47.9243,7.7915
279,Leipzig,51.1397,12.3874
280,Dusseldorf,51.1357,6.9318
281,Berlin,52.7478,13.3722
282,Nuremberg,49.3455,11.1028
283,Hannover,52.6713,9.4556
284,Leipzig,51.5736,12.51
285,Leipzig,51.1507,12.6626
286,Frankfurt,50.4084,8.4501
287,Dortmund,51.622,7.2248
288,Kiel,54.0896,9.9764
289,Hannover,52.6286,9.5061
290,Dusseldorf,51.0584,6.8279
291,Karlsruhe,49.0884,8.6399
292,Hamburg,53.7861,10.0955
293,Leipzig,51.2253,12.5114
294,Bremen,53.1706,8.7218
295,Leipzig,51.4658,12.3825
296,Essen,51.2836,7.072
297,Stuttgart,48.775,9.289
298,Munich,48.1856,11.2962
299,Munich,47.8984,11.5398
300,Augsburg,48.2548,11.0728
301,Freiburg,47.7305,7.9653
302,Frankfurt,50.1389,8.8418
303,Leipzig,51.1358,12.4242
304,Karlsruhe,49.0488,8.6544
305,Freiburg,48.2663,8.0407
306,Leipzig,51.2553,12.5174
307,Cologne,50.9167,6.9244
308,Dortmund,51.4507,7.6871
309,Mannheim,49.4001,8.7217
310,Dresden,51.1954,13.6818
311,Hannover,52.6651,9.5714
312,Dresden,51.1175,13.4944
313,Cologne,51.2004,6.8028
314,Nuremberg,49.4299,11.1719
315,Essen,51.3687,6.8151
316,Freiburg,47.7256,7.9527
317,Dusseldorf,51.2154,6.8606
318,Kiel,54.1037,10.1029
319,Rostock,54.0418,12.2393
320,Rostock,54.1817,12.3072
321,Bremen,53.2782,8.696
322,Bremen,53.324,8.5646
323,Dresden,51.0403,13.8277
324,Leipzig,51.3529,12.1593
325,Freiburg,47.9702,8.1356
326,Cologne,51.1016,6.9031
327,Frankfurt,49.9926,8.7297
328,Nuremberg,49.312,11.2917
329,Cologne,51.0383,6.746
330,Rostock,54.0121,12.1942
331,Kiel,54.3551,9.9499
332,Leipzig,51.1967,12.1142
333,Cologne,51.1066,6.8293
334,Berlin,52.6899,13.1257
335,Hamburg,53.8051,9.8498
336,Frankfurt,50.0843,8.8521
337,Essen,51.3553,6.8308
338,Leipzig,51.2113,12.4522
339,Munich,48.4038,11.7536
340,Kiel,54.1394,10.3668
341,Leipzig,51.6032,12.1606
342,Hannover,52.4515,9.9525
343,Cologne,50.8039,6.8846
344,Nuremberg,49.2906,10.8751
345,Nuremberg,49.5099,11.0256
346,Mannheim,49.3529,8.3846
347,Augsburg,48.0758,10.8316
348,Augsburg,48.1992,11.0516
349,Cologne,50.7867,7.0387
350,Karlsruhe,49.1408,8.6181
351,Bremen,53.0568,8.5904
352,Stuttgart,48.5171,8.9417
353,Cologne,50.8792,6.8161
354,Essen,51.2708,6.9638
355,Mannheim,49.702,8.6089
356,Hannover,52.3764,9.7793
357,Rostock,54.1718,11.8787
358,Nuremberg,49.1748,11.0365
359,Stuttgart,48.4993,9.3828
360,Hannover,52.3017,9.6006
361,Karlsruhe,49.2159,8.5671
362,Hannover,52.6035,9.4363
363,Dusseldorf,51.4822,6.88
364,Hamburg,53.3161,9.7537
365,Nuremberg,49.6121,11.3245
366,Karlsruhe,48.8595,8.6543
367,Dusseldorf,51.0197,6.6203
368,Rostock,54.1665,12.2367
369,Nuremberg,49.7134,11.3705
370,Berlin,52.4026,13.1376
371,Dortmund,51.6497,7.6498
372,Frankfurt,50.1098,8.5999
373,Nuremberg,49.6334,11.3455
374,Rostock,53.8639,12.3688
375,Karlsruhe,48.9946,8.3237
376,Rostock,54.2372,12.1012
377,Kiel,54.064,9.9706
378,Bremen,53.0576,8.9091
379,Augsburg,48.3571,10.7681
380,Stuttgart,48.6981,9.4155
381,Hannover,52.5484,9.6937
382,Mannheim,49.7128,8.4696
383,Essen,51.7426,7.0363
384,Frankfurt,50.2356,8.7155
385,Cologne,50.7635,7.1298
386,Dusseldorf,51.111,6.5771
387,Essen,51.2484,7.1392
388,Munich,48.1341,11.3879
389,Munich,48.0601,11.6283
390,Rostock,53.9204,12.1825
391,Dortmund,51.7296,7.4218
392,Dusseldorf,51.1227,6.8589
393,Frankfurt,49.9092,8.9645
394,Cologne,51.2371,6.9635
395,Freiburg,47.9734,7.6738
396,Karlsruhe,48.7629,8.1803
397,Essen,51.5366,7.1643
398,Cologne,51.0368,6.9123
399,Cologne,50.9678,6.9093
400,Stuttgart,48.7635,8.8848
401,Nuremberg,49.2412,11.1541
402,Dortmund,51.5155,7.5809
403,Dusseldorf,51.2651,6.9797
404,Berlin,52.2804,13.4902
405,Hamburg,53.2558,9.8179
406,Frankfurt,50.4055,8.7174
407,Frankfurt,50.1617,8.6813
408,Rostock,54.1327,12.0819
409,Cologne,51.0289,7.1113
410,Cologne,50.7137,6.9604
411,Hannover,52.1081,9.4808
412,Augsburg,48.315,11.196
413,Hamburg,53.506,10.2648
414,Mannheim,49.3443,8.6588
415,Nuremberg,49.3693,11.352
416,Dresden,51.2826,13.8201
417,Munich,47.8873,11.6487
418,Dortmund,51.2623,7.6918
419,Cologne,51.1392,6.7854
420,Karlsruhe,49.2485,8.4728
421,Hamburg,53.3531,10.1104
422,Rostock,53.9665,12.1657
423,Essen,51.5494,7.0238
424,Cologne,51.2308,6.9513
425,Berlin,52.3009,13.4455
426,Kiel,54.2998,9.8903
427,Dresden,51.2934,13.5707
428,Augsburg,48.4207,10.9716
429,Hannover,52.5669,9.789
430,Rostock,54.2396,12.3595
431,Dusseldorf,51.0736,6.7362
432,Cologne,51.1789,7.0205
433,Frankfurt,50.0361,8.4028
434,Stuttgart,48.6095,9.1604
435,Nuremberg,49.3343,11.0197
436,Rostock,54.0027,11.8293
437,Rostock,54.3339,12.0969
438,Hamburg,53.6601,10.2564
439,Hannover,52.5725,9.7672
440,Bremen,52.9103,9.0315
441,Munich,48.0932,11.8465
442,Leipzig,51.131,12.2556
443,Stuttgart,49.0158,9.1394
444,Bremen,52.8102,9.0047
445,Frankfurt,50.1078,8.8755
446,Berlin,52.6598,13.6814
447,Berlin,52.6745,13.6804
448,Freiburg,48.0601,7.6266
449,Bremen,52.8971,8.5328
450,Frankfurt,50.0079,8.6658
451,Rostock,54.0593,12.2728
452,Stuttgart,48.5629,9.465
453,Rostock,53.885,12.0552
454,Rostock,53.9753,12.1759
455,Mannheim,49.4319,8.4264
456,Dusseldorf,51.478,6.5752
457,Munich,47.8358,11.4124
458,Rostock,53.9912,12.3175
459,Dusseldorf,51.0677,6.7179
460,Munich,48.1281,11.4217
461,Karlsruhe,49.0476,8.683
462,Stuttgart,48.7643,8.9989
463,Dusseldorf,50.9796,6.6996
464,Dresden,51.2707,13.6994
465,Rostock,54.169,12.1466
466,Frankfurt,50.0437,8.4773
467,Stuttgart,48.6168,9.2312
468,Augsburg,48.2123,10.787
469,Karlsruhe,49.0454,8.6012
470,Frankfurt,50.1783,8.8824
471,Berlin,52.8095,13.4866
472,Karlsruhe,49.0381,8.3654
473,Rostock,53.9783,11.8786
474,Frankfurt,49.9317,8.8073
475,Stuttgart,48.8081,9.2891
476,Hamburg,53.674,10.0507
477,Munich,48.4189,11.3974
478,Kiel,54.1247,9.9718
479,Hamburg,53.6984,10.1347
480,Freiburg,47.9303,7.993
481,Hannover,52.2497,9.7341
482,Dresden,51.3259,13.8986
483,Frankfurt,49.8981,8.9817
484,Cologne,50.9519,6.9784
485,Bremen,53.0452,8.5289
486,Munich,48.0161,11.6163
487,Essen,51.6331,7.2418
488,Augsburg,48.2082,10.9263
489,Munich,48.3911,11.2821
490,Karlsruhe,49.0929,8.3568
491,Nuremberg,49.4135,11.1282
492,Bremen,53.2473,9.0562
493,Hamburg,53.6605,10.287
494,Frankfurt,49.9573,8.8145
495,Dortmund,51.2821,7.6336
496,Munich,47.9659,11.7384
497,Freiburg,47.7178,7.923
498,Berlin,52.2258,13.6597
499,Leipzig,51.4178,12.6684
500,Stuttgart,48.7152,9.0591
501,Frankfurt,50.1191,8.4787
502,Berlin,52.4984,13.4553
503,Kiel,54.4531,10.4099
504,Dusseldorf,51.0954,6.5908
505,Essen,51.6847,6.8442
506,Freiburg,47.7637,7.8925
507,Kiel,54.2834,9.8267
508,Stuttgart,48.541,9.4452
509,Dortmund,51.3685,7.5623
510,Frankfurt,50.4106,8.586
511,Augsburg,48.5803,11.1912
512,Cologne,50.8333,7.1403
513,Hamburg,53.5514,9.8919
514,Mannheim,49.4983,8.3212
515,Freiburg,48.2367,7.614
516,Leipzig,51.618,12.5572
517,Karlsruhe,49.1856,8.4995
518,Dusseldorf,51.3947,6.8788
519,Hannover,52.0861,9.4762
520,Mannheim,49.3247,8.2964
521,Kiel,54.4273,10.2094
522,Hamburg,53.5186,9.849
523,Dortmund,51.5936,7.3735
524,Kiel,54.3741,10.2859
525,Munich,48.1416,11.8804
526,Leipzig,51.175,12.5529
527,Frankfurt,49.8873,8.5743
528,Munich,48.0543,11.5501
529,Dresden,51.3063,13.6825
530,Freiburg,48.0424,7.6584
531,Rostock,54.1487,12.3154
532,Essen,51.2521,6.7624
533,Berlin,52.5757,13.3648
534,Munich,47.9383,11.4152
535,Frankfurt,50.0891,8.7035
536,Hamburg,53.5329,9.923
537,Augsburg,48.6061,10.8607
538,Kiel,54.0993,10.3721
539,Dresden,51.1295,14.0221
540,Augsburg,48.4521,11.0218
541,Cologne,50.9712,7.0736
542,Augsburg,48.3501,10.6407
543,Hannover,52.6579,9.8839
544,Frankfurt,50.3343,8.725
545,Berlin,52.4933,13.221
546,Frankfurt,50.3362,8.6306
547,Munich,47.9551,11.5856
548,Stuttgart,48.7211,9.2477
549,Munich,48.1729,11.3946
550,Leipzig,51.3484,12.5618
551,Bremen,53.155,8.5242
552,Dortmund,51.4653,7.5226
553,Stuttgart,48.9783,9.0652
554,Karlsruhe,48.935,8.5862
555,Frankfurt,49.9306,8.5827
556,Dresden,50.9584,13.9726
557,Cologne,50.8308,7.1901
558,Berlin,52.8172,13.6977
559,Stuttgart,49.0283,9.4225
560,Freiburg,47.993,7.702
561,Mannheim,49.7345,8.6557
562,Munich,47.8525,11.5448
563,Stuttgart,48.9092,9.2339
564,Mannheim,49.4711,8.3872
565,Rostock,54.0969,12.1504
566,Munich,47.8452,11.6202
567,Berlin,52.4541,13.6986
568,Karlsruhe,48.7577,8.6277
569,Mannheim,49.3184,8.6262
570,Bremen,52.8446,8.626
571,Kiel,54.1074,10.0187
572,Kiel,54.199,10.2788
573,Hannover,52.5944,9.4963
574,Stuttgart,48.7821,8.953
575,Dresden,51.153,13.9348
576,Leipzig,51.2676,12.5933
577,Nuremberg,49.4313,10.8199
578,Rostock,54.1615,12.3567
579,Munich,48.2342,11.6908
580,Essen,51.7064,7.1097
581,Nuremberg,49.6735,11.1698
582,Dresden,51.3015,13.906
583,Hamburg,53.783,9.7696
584,Dresden,50.9811,13.7702
585,Cologne,50.7202,6.8086
586,Dusseldorf,51.3446,6.9072
587,Hamburg,53.7371,10.2343
588,Augsburg,48.5023,10.9108
589,Stuttgart,48.6651,9.3384
590,Essen,51.6788,6.958
591,Essen,51.4661,6.9086
592,Hannover,52.2032,9.9875
593,Berlin,52.2385,13.3366
594,Rostock,54.1212,12.2144
595,Hamburg,53.8041,10.0776
596,Hamburg,53.6905,9.901
597,Augsburg,48.5282,10.7941
598,Leipzig,51.31,12.1298
599,Augsburg,48.4267,10.6107
600,Munich,48.3119,11.6153
601,Stuttgart,48.5095,9.3817
602,Leipzig,51.3746,12.1795
603,Bremen,52.8944,8.6453
604,Hamburg,53.5549,10.2872
605,Dusseldorf,51.3175,6.8116
606,Rostock,53.9668,11.8779
607,Berlin,52.2256,13.1186
608,Dresden,50.895,13.7419
609,Augsburg,48.0748,10.7035
610,Freiburg,48.2311,7.8708
611,Augsburg,48.279,10.848
612,Cologne,50.9745,7.0375
613,Munich,48.1069,11.7602
614,Bremen,52.9083,9.0429
615,Bremen,52.9592,9.091
616,Hannover,52.3972,9.896
617,Stuttgart,48.825,9.0475
618,Dusseldorf,50.972,6.9485
619,Hamburg,53.4753,10.1231
620,Cologne,50.6758,7.0206
621,Berlin,52.6914,13.6506
622,Mannheim,49.284,8.4893
623,Essen,51.5308,7.1735
624,Dortmund,51.3792,7.5318
625,Dusseldorf,51.055,6.8648
626,Karlsruhe,49.0929,8.247
627,Leipzig,51.5359,12.5566
628,Hannover,52.6371,9.676
629,Augsburg,48.4969,10.9077
630,Munich,48.1699,11.4714
631,Essen,51.2715,7.1331
632,Freiburg,47.82,7.9995
633,Dortmund,51.7582,7.5602
634,Freiburg,48.11,8.1362
635,Hannover,52.5119,9.9007
636,Cologne,50.898,6.8482
637,Dusseldorf,51.1279,6.917
638,Kiel,54.5048,10.1357
639,Freiburg,48.2568,7.7794
640,Rostock,54.2157,11.9735
641,Cologne,50.7711,7.2186
642,Freiburg,48.0778,7.8393
643,Berlin,52.5246,13.6559
644,Dresden,50.8756,13.9299
645,Karlsruhe,48.8806,8.6729
646,Nuremberg,49.2862,10.8104
647,Augsburg,48.0723,10.6114
648,Mannheim,49.5068,8.1865
649,Dresden,51.1026,13.8509
650,Cologne,50.6765,7.0853
651,Dresden,50.9736,13.6812
652,Leipzig,51.0956,12.2157
653,Leipzig,51.335,12.2137
654,Berlin,52.619,13.4924
655,Hannover,52.5963,10.0151
656,Freiburg,48.0366,7.7165
657,Berlin,52.7552,13.6441
658,Dusseldorf,51.1599,6.5688
659,Dresden,51.0844,13.5098
660,Frankfurt,49.8623,8.5594
661,Cologne,51.1087,6.6909
662,Augsburg,48.1154,10.9534
663,Bremen,53.3387,8.5758
664,Cologne,50.9006,6.7485
665,Freiburg,48.0135,7.6442
666,Kiel,54.4118,9.9301
667,Leipzig,51.3743,12.645
668,Leipzig,51.4308,12.4886
669,Freiburg,47.8831,7.5777
670,Berlin,52.6312,13.5338
671,Berlin,52.4554,13.4188
672,Dusseldorf,51.2365,6.6675
673,Cologne,50.8518,7.185
674,Berlin,52.3852,13.6091
675,Freiburg,47.7623,8.1338
676,Dusseldorf,51.4357,6.7738
677,Rostock,54.0413,12.0665
678,Hamburg,53.4594,9.9865
679,Leipzig,51.0773,12.5239
680,Essen,51.2224,6.8885
681,Hamburg,53.6727,9.6969
682,Hannover,52.464,9.9341
683,Dresden,50.9125,13.8655
684,Augsburg,48.6418,10.8264
685,Karlsruhe,49.2406,8.5436
686,Cologne,51.024,7.1072
687,Dresden,51.2232,13.7233
688,Frankfurt,50.1388,8.5702
689,Karlsruhe,49.1878,8.6304
690,Hamburg,53.638,10.0366
691,Hamburg,53.6929,10.2277
692,Berlin,52.6573,13.1375
693,Rostock,54.1173,12.1332
694,Nuremberg,49.6857,11.1601
695,Dusseldorf,51.0187,7.0362
696,Cologne,50.9369,7.1195
697,Freiburg,48.297,7.7109
698,Augsburg,48.4131,10.9623
699,Kiel,54.5968,10.043
700,Hamburg,53.4426,9.9882
701,Rostock,54.1311,12.0524
702,Stuttgart,49.0039,9.0873
703,Bremen,52.8743,8.8355
704,Nuremberg,49.6113,11.1066
705,Hamburg,53.6075,9.9049
706,Berlin,52.4051,13.6302
707,Dresden,51.2198,13.8358
708,Hamburg,53.3422,10.2867
709,Bremen,53.2586,8.577
710,Leipzig,51.5892,12.5693
711,Bremen,52.9803,8.59
712,Bremen,52.8398,8.9703
713,Augsburg,48.2593,10.7003
714,Frankfurt,49.8883,8.905
715,Augsburg,48.588,10.635
716,Bremen,53.1268,9.0075
717,Essen,51.1689,6.7348
718,Karlsruhe,48.9592,8.6366
719,Kiel,54.5498,10.2915
720,Cologne,50.6404,6.7603
721,Augsburg,48.118,10.6711
722,Bremen,53.0963,8.708
723,Dusseldorf,51.3665,6.5111
724,Hamburg,53.6838,10.1043
725,Bremen,53.0602,8.6506
726,Cologne,51.1301,7.0277
727,Stuttgart,49.0315,9.0267
728,Dresden,51.0088,13.7166
729,Frankfurt,49.9618,8.8079
730,Leipzig,51.1911,12.5426
731,Mannheim,49.3715,8.6739
732,Dortmund,51.4814,7.2953
733,Kiel,54.2289,10.3781
734,Hamburg,53.4749,9.8218
735,Munich,48.0048,11.3798
736,Freiburg,47.9306,7.623
737,Stuttgart,48.5814,9.4648
738,Leipzig,51.3412,12.411
739,Dusseldorf,51.3289,6.8302
740,Dusseldorf,51.1219,6.8584
741,Kiel,54.2975,10.2852
742,Stuttgart,49.0572,9.3748
743,Mannheim,49.3987,8.4359
744,Mannheim,49.2893,8.4255
745,Cologne,51.0652,7.2045
746,Frankfurt,50.0181,8.5189
747,Rostock,53.8846,12.266
748,Hamburg,53.5492,10.0725
749,Nuremberg,49.1829,10.9682
750,Rostock,54.025,11.8786
751,Rostock,54.3108,12.219
752,Frankfurt,50.398,8.9548
753,Bremen,53.1977,9.0054
754,Dortmund,51.5977,7.4601
755,Mannheim,49.2984,8.1884
756,Freiburg,48.0558,7.5496
757,Dusseldorf,51.2605,6.7936
758,Berlin,52.6549,13.3459
759,Essen,51.5515,7.2836
760,Freiburg,48.0491,7.6908
761,Berlin,52.7828,13.6328
762,Rostock,54.12,12.347
763,Berlin,52.5873,13.5432
764,Frankfurt,49.997,8.9364
765,Munich,47.9592,11.6424
766,Hamburg,53.7757,10.2062
767,Augsburg,48.6399,10.7441
768,Freiburg,47.9382,7.937
769,Bremen,53.2354,8.8598
770,Berlin,52.399,13.132
771,Kiel,54.3449,9.9121
772,Dusseldorf,51.2264,6.9071
773,Augsburg,48.1494,10.689
774,Dusseldorf,51.4425,6.8779
775,Freiburg,47.716,7.9333
776,Essen,51.5788,7.0656
777,Karlsruhe,49.068,8.192
778,Stuttgart,48.5947,9.3281
779,Bremen,52.8747,9.0149
780,Nuremberg,49.7032,10.9443
781,Nuremberg,49.4027,10.9292
782,Dresden,50.8351,13.6614
783,Hamburg,53.4584,9.9938
784,Hamburg,53.3405,10.0785
785,Essen,51.1769,7.1076
786,Dortmund,51.7172,7.2736
787,Nuremberg,49.1795,11.0977
788,Frankfurt,50.2309,8.9647
789,Karlsruhe,48.7791,8.2422
790,Bremen,52.9855,8.679
791,Dresden,50.9079,13.5902
792,Hannover,52.477,9.4839
793,Freiburg,48.0134,8.05
794,Berlin,52.7769,13.3633
795,Stuttgart,48.848,8.9304
796,Dresden,50.903,13.6413
797,Dresden,50.7682,13.7158
798,Dortmund,51.4076,7.3812
799,Leipzig,51.1431,12.4346
800,Rostock,54.1213,11.9275
801,Mannheim,49.703,8.6103
802,Karlsruhe,48.8207,8.3057
803,Augsburg,48.456,10.7664
804,Hannover,52.404,10.0076
805,Augsburg,48.2167,10.7717
806,Mannheim,49.725,8.6612
807,Leipzig,51.1019,12.083
808,Leipzig,51.2335,12.5337
809,Kiel,54.3297,10.3805
810,Kiel,54.0422,10.3142
811,Bremen,53.2861,8.8587
812,Essen,51.335,6.8984
813,Leipzig,51.0592,12.4131
814,Mannheim,49.3927,8.1664
815,Stuttgart,48.6159,9.0346
816,Freiburg,47.7684,8.0915
817,Augsburg,48.2392,10.9216
818,Stuttgart,48.7826,9.2682
819,Augsburg,48.6678,10.7214
820,Frankfurt,50.3676,8.4491
821,Hannover,52.4496,9.4846
822,Dresden,51.0472,13.7716
823,Cologne,51.1358,6.9454
824,Karlsruhe,48.8196,8.6775
825,Bremen,52.8373,8.8753
826,Dortmund,51.2631,7.4724
827,Rostock,53.9806,11.8531
828,Rostock,54.2993,11.9569
829,Berlin,52.409,13.1153
830,Stuttgart,48.9735,9.2039
831,Kiel,54.4203,10.3785
832,Nuremberg,49.4098,11.0833
833,Essen,51.4147,7.1186
834,Augsburg,48.6531,10.8605
835,Nuremberg,49.4417,11.2796
836,Hamburg,53.7416,10.2922
837,Dusseldorf,51.1572,6.7352
838,Dusseldorf,51.1799,6.8112
839,Hannover,52.5644,9.7722
840,Berlin,52.5108,13.2732
841,Dresden,51.2809,14.0083
842,Dortmund,51.3625,7.4671
843,Cologne,51.2308,7.0782
844,Munich,48.1564,11.7792
845,Dresden,51.0896,13.6006
846,Kiel,54.0944,10.146
847,Bremen,53.3325,8.9001
848,Essen,51.7162,6.7298
849,Munich,47.9313,11.6491
850,Berlin,52.8046,13.4887
851,Stuttgart,49.02,9.3273
852,Hannover,52.5429,9.6629
853,Dusseldorf,51.4218,7.0037
854,Hamburg,53.3196,10.2281
855,Dresden,51.3486,13.4863
856,Hannover,52.6242,10.0178
857,Rostock,54.3194,12.1617
858,Nuremberg,49.6818,11.1608
859,Mannheim,49.4822,8.7149
860,Dusseldorf,51.2363,6.5395
861,Karlsruhe,48.9097,8.3732
862,Cologne,50.6997,7.2595
863,Rostock,54.2824,12.2426
864,Munich,48.317,11.5877
865,Dortmund,51.2946,7.4822
866,Berlin,52.3035,13.2941
867,Karlsruhe,49.204,8.6773
868,Hamburg,53.6504,9.9731
869,Dortmund,51.7599,7.1663
870,Essen,51.5724,7.0445
871,Augsburg,48.297,10.7312
872,Essen,51.6757,7.2212
873,Frankfurt,50.0032,8.6144
874,Nuremberg,49.6004,10.8305
875,Hannover,52.3934,9.7703
876,Frankfurt,50.1385,8.7494
877,Munich,48.0112,11.6768
878,Karlsruhe,49.2838,8.6983
879,Freiburg,47.8075,7.7177
880,Bremen,52.874,8.999
881,Karlsruhe,49.0386,8.5449
882,Essen,51.6477,6.8899
883,Rostock,54.126,12.2153
884,Leipzig,51.3802,12.3288
885,Stuttgart,48.5115,8.9729
886,Hamburg,53.5206,10.0498
887,Freiburg,47.7639,7.9899
888,Hamburg,53.2823,10.255
889,Kiel,54.5826,10.0727
890,Rostock,53.8989,12.3512
891,Bremen,53.299,8.8965
892,Dresden,50.9414,13.9199
893,Dresden,51.0786,13.4599
894,Stuttgart,48.7331,9.2574
895,Essen,51.4971,6.9053
896,Kiel,54.4563,10.1427
897,Leipzig,51.3019,12.5378
898,Nuremberg,49.3401,10.7786
899,Freiburg,48.1405,7.9051
900,Dortmund,51.7206,7.3703
901,Cologne,50.963,6.9328
902,Dortmund,51.6518,7.4064
903,Hamburg,53.3798,9.7664
904,Bremen,53.3451,8.9628
905,Essen,51.5172,6.9187
906,Stuttgart,48.5427,8.9731
907,Mannheim,49.5623,8.237
908,Bremen,53.3332,8.5339
909,Dresden,51.2746,13.6232
910,Hannover,52.4366,9.8579
911,Dresden,50.8313,13.4441
912,Rostock,54.2165,11.9059
913,Dusseldorf,50.9285,6.5742
914,Freiburg,48.2581,7.5789
915,Essen,51.7491,6.904
916,Leipzig,51.4909,12.5139
917,Freiburg,48.0063,7.6887
918,Cologne,50.8071,7.207
919,Bremen,52.9189,9.0612
920,Dresden,51.316,13.8865
921,Frankfurt,50.355,8.8708
922,Mannheim,49.1912,8.5634
923,Essen,51.3833,7.18
924,Rostock,54.1845,12.119
925,Dresden,50.7595,13.5646
926,Rostock,54.1678,12.362
927,Dortmund,51.7405,7.5702
928,Dusseldorf,51.0048,6.8836
929,Bremen,53.0382,8.8326
930,Stuttgart,48.5745,9.3588
931,Rostock,54.161,12.2601
932,Kiel,54.2497,10.0639
933,Rostock,53.8265,12.0399
934,Dusseldorf,51.1598,6.8479
935,Kiel,54.3792,10.2008
936,Dusseldorf,51.0386,6.5867
937,Karlsruhe,49.0707,8.1441
938,Karlsruhe,48.7886,8.277
939,Augsburg,48.2271,10.9303
940,Karlsruhe,48.8433,8.4393
941,Freiburg,48.2414,8.0914
942,Mannheim,49.6012,8.3366
943,Berlin,52.7441,13.2812
944,Mannheim,49.2185,8.658
945,Leipzig,51.3255,12.1184
946,Berlin,52.7637,13.5822
947,Mannheim,49.7103,8.394
948,Hamburg,53.4136,9.9733
949,Essen,51.574,7.3025
950,Dresden,51.3163,13.4856
951,Mannheim,49.2923,8.4371
952,Dusseldorf,51.0125,6.8175
953,Hannover,52.4031,9.5507
954,Leipzig,51.0504,12.3216
955,Dresden,51.0476,13.8893
956,Nuremberg,49.4464,11.2685
957,Karlsruhe,49.2578,8.3228
958,Karlsruhe,49.0972,8.2427
959,Dresden,50.8663,13.5534
960,Augsburg,48.1535,10.6025
961,Cologne,50.959,7.0248
962,Stuttgart,48.5019,8.8995
963,Dortmund,51.3092,7.4755
964,Freiburg,47.7964,7.5774
965,Essen,51.4977,7.2874
966,Mannheim,49.238,8.1871
967,Kiel,54.299,10.0491
968,Hamburg,53.3189,9.7829
969,Leipzig,51.5984,12.6289
970,Kiel,54.2949,10.3922
971,Essen,51.6089,6.8505
972,Stuttgart,48.578,9.062
973,Freiburg,47.9637,8.0292
974,Essen,51.1949,6.7566
975,Augsburg,48.1494,10.849
976,Mannheim,49.5656,8.3129
977,Leipzig,51.3516,12.1003
978,Bremen,53.0829,8.8043
979,Karlsruhe,48.9568,8.1792
980,Essen,51.6884,7.0407
981,Berlin,52.7934,13.2321
982,Berlin,52.8015,13.1268
983,Mannheim,49.2951,8.5789
984,Rostock,53.9445,12.0269
985,Essen,51.4874,7.0314
986,Dusseldorf,50.9879,6.5042
987,Dresden,50.908,13.6274
988,Nuremberg,49.7344,11.1202
989,Munich,48.4237,11.7407
990,Munich,48.2811,11.5079
991,Hamburg,53.5437,10.156
992,Freiburg,47.8764,7.8567
993,Dusseldorf,51.3186,6.962
994,Hamburg,53.7184,10.2076
995,Frankfurt,50.1929,8.6293
996,Frankfurt,50.3643,8.9401
997,Munich,47.8913,11.7363
998,Dresden,51.0351,13.7958
999,Mannheim,49.2144,8.2431
1000,Rostock,54.2191,11.8056
1001,Rostock,53.9752,11.9787
1002,Bremen,53.3381,8.535
1003,Dresden,51.221,13.7096
1004,Leipzig,51.2104,12.4389
1005,Essen,51.3776,7.214
1006,Rostock,53.8251,12.3805
1007,Stuttgart,48.8724,9.388
1008,Hamburg,53.4151,10.0747
1009,Mannheim,49.2738,8.4105
1010,Frankfurt,49.8812,8.5221
1011,Stuttgart,48.4912,9.2629
1012,Nuremberg,49.3224,11.1228
1013,Stuttgart,48.6951,9.1423
1014,Mannheim,49.4337,8.2455
1015,Cologne,50.8532,6.8788
1016,Bremen,53.023,8.9034
1017,Karlsruhe,49.1989,8.4653
1018,Freiburg,48.1607,8.0356
1019,Nuremberg,49.2112,10.9111
1020,Cologne,50.7932,6.9774
1021,Dortmund,51.6306,7.2977
1022,Cologne,50.9883,6.9788
1023,Stuttgart,48.7268,9.037
1024,Munich,48.1063,11.4398
1025,Karlsruhe,48.7271,8.419
1026,Dusseldorf,51.3606,6.6725
1027,Mannheim,49.2534,8.4593
1028,Nuremberg,49.1948,11.1091
1029,Rostock,54.0972,12.2753
1030,Munich,47.8747,11.4795
1031,Dresden,50.7519,13.6175
1032,Berlin,52.4996,13.3224
1033,Berlin,52.267,13.2257
1034,Stuttgart,48.5552,9.1743
1035,Freiburg,47.9103,7.8473
1036,Frankfurt,49.9424,8.8444
1037,Stuttgart,48.9239,9.1586
1038,Karlsruhe,49.2735,8.3602
1039,Dresden,50.8162,13.6159
1040,Hamburg,53.3689,10.0614
1041,Stuttgart,48.6447,9.285
1042,Dortmund,51.2354,7.3296
1043,Augsburg,48.0836,11.0254
1044,Freiburg,47.9497,7.7672
1045,Munich,48.1789,11.6511
1046,Stuttgart,49.0575,9.3239
1047,Stuttgart,48.482,9.3934
1048,Cologne,50.7004,6.8383
1049,Cologne,51.2136,6.7916
1050,Dresden,50.9366,13.4959
1051,Munich,48.2438,11.867
1052,Augsburg,48.2986,10.8601
1053,Kiel,54.3294,9.8755
1054,Hamburg,53.5066,9.9799
1055,Augsburg,48.2555,11.0997
1056,Dusseldorf,51.2874,6.929
1057,Dusseldorf,50.9314,6.9671
1058,Berlin,52.3194,13.4932
1059,Freiburg,48.204,8.1229
1060,Cologne,51.0117,7.2249
1061,Dusseldorf,51.0686,6.6132
1062,Karlsruhe,48.7655,8.2982
1063,Mannheim,49.4741,8.7012
1064,Freiburg,48.0033,7.5873
1065,Hamburg,53.265,10.1824
1066,Bremen,53.0935,8.736
1067,Rostock,53.8138,12.1862
1068,Freiburg,47.8127,7.8987
1069,Rostock,53.9679,12.0341
1070,Augsburg,48.2391,10.7757
1071,Rostock,54.0157,12.2822
1072,Hannover,52.6609,9.8716
1073,Leipzig,51.1127,12.4524
1074,Hamburg,53.4504,10.2197
1075,Frankfurt,49.8566,8.4092
1076,Bremen,53.1375,8.6635
1077,Dresden,50.925,13.734
1078,Karlsruhe,49.1356,8.6918
1079,Hannover,52.4892,9.7507
1080,Leipzig,51.3076,12.1061
1081,Dortmund,51.3534,7.4561
1082,Leipzig,51.5691,12.5219
1083,Augsburg,48.1924,10.722
1084,Nuremberg,49.6946,10.8482
1085,Rostock,54.3733,11.8991
1086,Hannover,52.3411,9.9896
1087,Dortmund,51.2829,7.2658
1088,Mannheim,49.5646,8.5381
1089,Hannover,52.1299,9.5854
1090,Dusseldorf,51.5131,6.845
1091,Cologne,51.0253,6.9037
1092,Freiburg,47.9668,7.563
1093,Nuremberg,49.2084,11.3095
1094,Kiel,54.5817,9.8824
1095,Freiburg,48.0086,7.8231
1096,Berlin,52.4625,13.7027
1097,Dusseldorf,51.3408,6.5883
1098,Karlsruhe,49.0913,8.3983
1099,Hannover,52.6317,9.9191
1100,Mannheim,49.2005,8.4957
1101,Leipzig,51.1532,12.1492
1102,Freiburg,47.8663,7.9661
1103,Nuremberg,49.4975,11.2478
1104,Leipzig,51.6366,12.1941
1105,Stuttgart,48.8169,9.2416
1106,Essen,51.6515,7.1839
1107,Freiburg,48.1041,7.8448
1108,Munich,48.3233,11.7737
1109,Dresden,51.2546,13.7864
1110,Berlin,52.5212,13.437
1111,Essen,51.3314,6.7778
1112,Dusseldorf,51.1311,6.6722
1113,Rostock,53.8533,12.2659
1114,Mannheim,49.3907,8.3095
1115,Mannheim,49.5174,8.2121
